aa, value, domain
1, 0.09664758146850548, Topological domain 1
2, 1.7166697922345677, Topological domain 1
3, 0.046271796673646545, Topological domain 1
4, 2.15385512700613, Topological domain 1
5, 2.273858615192936, Topological domain 1
6, 0.866810195641646, Topological domain 1
7, 1.4485152198288112, Topological domain 1
8, 1.6064860768992757, Topological domain 1
9, 2.1604338121859916, Topological domain 1
10, 1.1419085762748553, Topological domain 1
11, 1.6075135372172367, Topological domain 1
12, 0.1207008717907234, Topological domain 1
13, 0.4662197650194492, Topological domain 1
14, 0.14234954122821397, Topological domain 1
15, 1.1627113428051867, Topological domain 1
16, 0.40715602536408496, Topological domain 1
17, 0.10013419653416711, Topological domain 1
18, 0.046271796673646545, Topological domain 1
19, 1.4062581342619296, Topological domain 1
20, 0.9367518014836047, Topological domain 1
21, 0.07627732474890493, Topological domain 1
22, 1.0161798834651115, Topological domain 1
23, 0.9036581662097377, Transmembrane 1
24, 0.057895773582851424, Transmembrane 1
25, 0.667972366112431, Transmembrane 1
26, 1.0192605856063814, Transmembrane 1
27, 0.1580910357951234, Transmembrane 1
28, 1.2756045970162058, Transmembrane 1
29, 0.06747324307444999, Transmembrane 1
30, 0.2839989500732887, Transmembrane 1
31, 0.046271796673646545, Transmembrane 1
32, 0.057895773582851424, Transmembrane 1
33, 0.9822175967277422, Transmembrane 1
34, 1.4177553762721322, Transmembrane 1
35, 1.0295045109120968, Transmembrane 1
36, 0.1883091345769727, Transmembrane 1
37, 0.18188478806840203, Transmembrane 1
38, 0.6557971177981435, Transmembrane 1
39, 0.044472111937713034, Transmembrane 1
40, 0.13026920249149487, Transmembrane 1
41, 1.0502889456482152, Transmembrane 1
42, 1.7981818850173206, Transmembrane 1
43, 0.083908876420839, Transmembrane 1
44, 0.030028246032793852, Transmembrane 1
45, 0.15165903778341247, Transmembrane 1
46, 0.044472111937713034, Topological domain 2
47, 0.03284510441946407, Topological domain 2
48, 1.061627710705908, Topological domain 2
49, 2.105544813678054, Topological domain 2
50, 1.6794074903253233, Topological domain 2
51, 0.02326157370338192, Topological domain 2
52, 1.6194964176755273, Topological domain 2
53, 0.011631541789542184, Topological domain 2
54, 0.011631541789542184, Topological domain 2
55, 0.02326157370338192, Topological domain 2
56, 1.218869181816406, Topological domain 2
57, 0.02326157370338192, Topological domain 2
58, 0.02326157370338192, Topological domain 2
59, 0.011631541789542184, Topological domain 2
60, 0.011631541789542184, Topological domain 2
61, 1.937024444785329, Topological domain 2
62, 0.9757437688514041, Topological domain 2
63, 0.0615866125137684, Topological domain 2
64, 0.011631541789542184, Topological domain 2
65, 0.011631541789542184, Topological domain 2
66, 0.011631541789542184, Topological domain 2
67, 1.0898712086796276, Topological domain 2
68, 0.6750961059177496, Topological domain 2
69, 0.011631541789542184, Topological domain 2
70, 0.011631541789542184, Topological domain 2
71, 1.048292485014443, Topological domain 2
72, 0.03489009419451519, Topological domain 2
73, 0.02326157370338192, Topological domain 2
74, 0.48076866635272003, Topological domain 2
75, 0.011631541789542184, Topological domain 2
76, 0.24910311709365632, Topological domain 2
77, 0.02326157370338192, Transmembrane 2
78, 1.1623081972579328, Transmembrane 2
79, 0.06285973367720044, Transmembrane 2
80, 0.02326157370338192, Transmembrane 2
81, 0.11190288263266089, Transmembrane 2
82, 0.4882073207002882, Transmembrane 2
83, 1.227710112714429, Transmembrane 2
84, 0.1279387938830282, Transmembrane 2
85, 0.5744384655963177, Transmembrane 2
86, 0.3198275007179929, Transmembrane 2
87, 0.05405261515466578, Transmembrane 2
88, 0.6191406660366853, Transmembrane 2
89, 0.09071360242498377, Transmembrane 2
90, 0.10127879313822001, Transmembrane 2
91, 0.11952986255991906, Transmembrane 2
92, 0.648359378431844, Transmembrane 2
93, 0.14265286292757132, Transmembrane 2
94, 0.4394281914863805, Transmembrane 2
95, 0.2485897030526933, Transmembrane 2
96, 0.36247440286224913, Topological domain 3
97, 1.0089535786061943, Topological domain 3
98, 1.9157496647119516, Topological domain 3
99, 1.8016979917180382, Topological domain 3
100, 1.070865626407077, Topological domain 3
101, 3.138231957294524, Topological domain 3
102, 2.289202640272236, Topological domain 3
103, 0.728785042564012, Topological domain 3
104, 1.2144931769417473, Topological domain 3
105, 3.231020734318846, Topological domain 3
106, 2.6563244240493584, Topological domain 3
107, 2.4159409209784726, Topological domain 3
108, 2.99329564686951, Topological domain 3
109, 3.041132051692264, Topological domain 3
110, 2.5360584858342605, Topological domain 3
111, 2.7379592076143533, Topological domain 3
112, 2.861164060048264, Topological domain 3
113, 2.6463724973078415, Topological domain 3
114, 2.899938905697855, Topological domain 3
115, 2.2787190972793923, Topological domain 3
116, 1.7755837583825478, Topological domain 3
117, 1.6440081837241394, Topological domain 3
118, 0.5361883857108249, Topological domain 3
119, 2.6896180518693793, Topological domain 3
120, 1.678502282185685, Topological domain 3
121, 0.6841553203185536, Topological domain 3
122, 2.5026213286408243, Topological domain 3
123, 1.9012804996593458, Topological domain 3
124, 1.0894689575786909, Topological domain 3
125, 2.4056232417543266, Topological domain 3
126, 2.4939500784810646, Topological domain 3
127, 0.24316745471716514, Topological domain 3
128, 2.546822889818832, Topological domain 3
129, 0.04447211193771303, Topological domain 3
130, 2.1130084722357414, Topological domain 3
131, 0.04165525355104282, Transmembrane 3
132, 0.053907905965376854, Transmembrane 3
133, 0.07448219294385014, Transmembrane 3
134, 0.05123575676799556, Transmembrane 3
135, 0.0, Transmembrane 3
136, 2.07891838418133, Transmembrane 3
137, 2.299649803278688, Transmembrane 3
138, 0.02326157370338192, Transmembrane 3
139, 1.5005773750335625, Transmembrane 3
140, 1.7794343617177895, Transmembrane 3
141, 0.23392582455020913, Transmembrane 3
142, 0.23904524704888375, Transmembrane 3
143, 1.6696565469755857, Transmembrane 3
144, 1.8261249474129688, Transmembrane 3
145, 0.4822725615302048, Transmembrane 3
146, 0.08249085806918989, Transmembrane 3
147, 1.741523699825424, Transmembrane 3
148, 2.4338095152237953, Transmembrane 3
149, 0.03284510441946407, Transmembrane 3
150, 0.745422260454365, Transmembrane 3
151, 0.17289325938538072, Transmembrane 3
152, 1.9902583227392594, Transmembrane 3
153, 0.7931440632295038, Transmembrane 3
154, 0.20371580456204685, Topological domain 4
155, 2.697068115909771, Topological domain 4
156, 1.9892451759129697, Topological domain 4
157, 0.12379385747708724, Topological domain 4
158, 1.9115747847206213, Topological domain 4
159, 0.5344374952906821, Topological domain 4
160, 1.1178817151241862, Topological domain 4
161, 2.67364562584085, Topological domain 4
162, 0.5976168517498145, Topological domain 4
163, 2.1734714464525275, Topological domain 4
164, 0.6229174723074594, Topological domain 4
165, 0.5922530942554505, Topological domain 4
166, 0.9469521395017337, Topological domain 4
167, 0.5704192802888819, Topological domain 4
168, 0.011631541789542184, Topological domain 4
169, 2.2634719526026235, Topological domain 4
170, 2.258233749769305, Topological domain 4
171, 1.9042719212702992, Topological domain 4
172, 0.021216583928330795, Topological domain 4
173, 0.03284510441946407, Topological domain 4
174, 0.021216583928330795, Topological domain 4
175, 0.09834363175577723, Topological domain 4
176, 1.7355502984251792, Topological domain 4
177, 0.021216583928330795, Topological domain 4
178, 0.011631541789542184, Topological domain 4
179, 0.011631541789542184, Topological domain 4
180, 0.1555602393480684, Topological domain 4
181, 1.0025544664359953, Topological domain 4
182, 0.12512603263210542, Topological domain 4
183, 0.05405261515466578, Topological domain 4
184, 0.02326157370338192, Topological domain 4
185, 0.03489009419451519, Topological domain 4
186, 0.021216583928330795, Topological domain 4
187, 0.03284510441946406, Topological domain 4
188, 0.24905245893658567, Topological domain 4
189, 1.3012860060076712, Topological domain 4
190, 0.03284510441946407, Topological domain 4
191, 0.1501303597092332, Topological domain 4
192, 1.252201480980033, Transmembrane 4
193, 0.021216583928330795, Transmembrane 4
194, 0.03284510441946406, Transmembrane 4
195, 1.7783419806879737, Transmembrane 4
196, 1.8536024420564103, Transmembrane 4
197, 1.8290169499785351, Transmembrane 4
198, 0.08672573480750921, Transmembrane 4
199, 1.8770105727774817, Transmembrane 4
200, 1.1580131783195753, Transmembrane 4
201, 0.030028246032793852, Transmembrane 4
202, 1.4621395370198165, Transmembrane 4
203, 1.765778750075213, Transmembrane 4
204, 0.030028246032793852, Transmembrane 4
205, 0.14010601088888608, Transmembrane 4
206, 1.8158378274240299, Transmembrane 4
207, 0.925829594049358, Transmembrane 4
208, 0.06285973367720044, Transmembrane 4
209, 1.447443986090291, Transmembrane 4
210, 2.3147654807883433, Transmembrane 4
211, 0.6535548519518344, Transmembrane 4
212, 0.059541622738717284, Transmembrane 4
213, 1.8682760703162715, Transmembrane 4
214, 2.8404701969946218, Transmembrane 4
215, 1.123012191206122, Topological domain 5
216, 2.2119955335547026, Topological domain 5
217, 1.551092130678355, Topological domain 5
218, 3.2116693351258787, Topological domain 5
219, 1.9552660584487431, Topological domain 5
220, 2.735055620494302, Topological domain 5
221, 2.890152691512083, Topological domain 5
222, 3.128952651833057, Topological domain 5
223, 2.843440573718568, Topological domain 5
224, 3.231764896521415, Topological domain 5
225, 3.0988294868999553, Topological domain 5
226, 2.8331134858737443, Topological domain 5
227, 2.7089630852637647, Topological domain 5
228, 2.638155559627921, Topological domain 5
229, 2.5373276077653277, Topological domain 5
230, 2.4640173414228257, Topological domain 5
231, 2.3127632886141205, Topological domain 5
232, 2.2843908057029365, Topological domain 5
233, 2.128092415924837, Topological domain 5
234, 2.282345181888993, Topological domain 5
235, 2.2308501659692626, Topological domain 5
236, 2.447656688237967, Topological domain 5
237, 2.076262171052438, Topological domain 5
238, 2.546736077761813, Topological domain 5
239, 2.2671502744667817, Topological domain 5
240, 2.1483140257223776, Topological domain 5
241, 2.045362562803335, Topological domain 5
242, 1.9234962556413546, Topological domain 5
243, 2.4838457487356496, Topological domain 5
244, 1.7592222391548102, Topological domain 5
245, 1.5356800105742958, Topological domain 5
246, 1.0745012133775433, Topological domain 5
247, 1.4057718162635573, Topological domain 5
248, 2.0580011930647717, Topological domain 5
249, 1.1056581442893232, Topological domain 5
250, 1.9310796425554277, Topological domain 5
251, 1.4466727333886809, Topological domain 5
252, 1.6619950042569671, Topological domain 5
253, 1.728086298530656, Topological domain 5
254, 1.6663146683906005, Topological domain 5
255, 1.1507378070152796, Topological domain 5
256, 1.242550814340292, Topological domain 5
257, 1.4591724769854972, Topological domain 5
258, 1.0835702204056639, Topological domain 5
259, 1.1438801949041006, Topological domain 5
260, 1.0508719901441266, Topological domain 5
261, 1.2084326004105808, Topological domain 5
262, 1.3255414763801077, Topological domain 5
263, 1.2366748668091994, Topological domain 5
264, 1.1345970571069255, Topological domain 5
265, 1.1026746655266675, Topological domain 5
266, 1.1795205373060298, Topological domain 5
267, 0.8666168578291035, Topological domain 5
268, 0.5696240848844061, Topological domain 5
269, 0.5709885240127337, Topological domain 5
270, 0.45017862246911033, Topological domain 5
271, 0.6587569213904791, Topological domain 5
272, 0.7152131641315052, Topological domain 5
273, 0.7256695810532895, Topological domain 5
274, 1.2872871201168072, Topological domain 5
275, 0.9334370483811507, Topological domain 5
276, 0.8770806357879535, Topological domain 5
277, 1.1424049577760509, Topological domain 5
278, 1.0299523379563438, Topological domain 5
279, 0.9038212858335105, Topological domain 5
280, 0.7834258162334264, Topological domain 5
281, 0.8023813149284453, Topological domain 5
282, 0.8171792069528605, Topological domain 5
283, 0.581769903794819, Topological domain 5